Name,GFS Visit,Wikipedia URL,Date Blend,Built,Founded,Opened,Reopened,URL,Address,Postcode,Latitude,Longitude,Ward (?),Council (?),Region,Wikipedia_Type,Summary,Objects,Date Visited,Admission Cost,GFS Blog Post
575 Wandsworth Road,,http://en.wikipedia.org/wiki/575_Wandsworth_Road,"opened:2013, acquired:2010",,,2013,,"http://575wandsworthroadnt.wordpress.com/, http://www.nationaltrust.org.uk/575-wandsworth-road/",575 Wandsworth Road,SW8 3JD,51.46944181,-0.140782864,Clapham,Lambeth,South,Historic house,"Operated by the National Trust, 18th century terrace house with interiors designed by Kenyan poet and civil servant Khadambi Asalache",,,,
Two Temple Place,,http://en.wikipedia.org/wiki/Two_Temple_Place,"opened:2011, built:1895",1895,,2011,,http://www.twotempleplace.org/,2 Temple Place,WC2R 3BD,51.5117039,-0.112458958,,Westminster,North,Art,"Late Victorian mansion, now an art gallery to showcase publicly owned art from UK regional collections, only open during exhibitions",,,,
Greenwich Visitor Centre,,http://en.wikipedia.org/wiki/Greenwich_Visitor_Centre#World_heritage_site,opened:2010,,,2010,,http://www.ornc.org/visit/attractions/discover-greenwich-visitor-centre,Old Royal Naval College,SE10 9NN,51.48271002,-0.008517779,Greenwich,Greenwich,South East,History,"Also known as Discover Greenwich Visitor Centre, history of the World Heritage Site, its builders and buildings, maritime heritage, local history",,,,
British Music Experience,,http://en.wikipedia.org/wiki/British_Music_Experience,opened:2009,,,2009,,http://www.britishmusicexperience.com/,"The O2, Peninsula Square",SE10 0DX,51.5015708,0.005545901,Greenwich,Greenwich,South East,Music,"History of the British music industry since 1944, located in the O2 Bubble",,,,
Islington Museum,,http://en.wikipedia.org/wiki/Islington_Museum,opened:2008,,,2008,,http://www.islington.gov.uk/islington/history-heritage/heritage_museum/Pages/default.aspx?extra=4,245 St John Street,EC1V 4NB,51.52648579,-0.104538642,Finsbury,Islington,North,Local,Local history,,,,
London Film Museum,,http://en.wikipedia.org/wiki/London_Film_Museum,opened:2008,,,2008,,http://www.londonfilmmuseum.com/,45 Wellington Street,WC2E 7BN,51.51237449,-0.121179205,Lambeth,Lambeth,South West,Media,"Props, costumes, sets and artefacts from British films, history of moviemaking",,,,
Benjamin Franklin House,,http://en.wikipedia.org/wiki/Benjamin_Franklin_House,"opened:2006, built:1730",1730,,2006,,http://www.benjaminfranklinhouse.org/site/sections/default.htm,36 Craven Street,WC2N 5NF,51.5076411,-0.124904454,,Westminster,North,Historic house,"18th-century house where Benjamin Franklin lived for 16 years, exhibits on his life, science activities",,,,
Cartoon Museum,,http://en.wikipedia.org/wiki/The_Cartoon_Museum,opened:2006,,,2006,,http://www.cartoonmuseum.org/,35 Little Russell Street,WC1A 2HH,51.51769457,-0.12601941,Bloomsbury,Camden,North,Art,"Political cartoons, comic strips and comic books",,,,
Museum of Croydon,,http://en.wikipedia.org/wiki/Museum_of_Croydon,opened:2006,,,2006,,http://www.museumofcroydon.com/,"Croydon Clocktower, Katharine Street ",CR9 1ET,51.37216324,-0.098993945,Croydon,Croydon,South West,Local,"Local history, culture, social history",,,,
7 Hammersmith Terrace,,http://en.wikipedia.org/wiki/7_Hammersmith_Terrace,"built:1755, opened:2005",1755,,2005,,http://emerywalker.org.uk/,7 Hammersmith Terrace,W6 9TS,51.48982295,-0.242499864,Hammersmith,Hammersmith and Fulham,West,Historic house,"Former home of Emery Walker, friend and mentor to William Morris, house features Arts and Crafts style interior",,,,
Centre for Recent Drawing,,http://en.wikipedia.org/wiki/Centre_for_Recent_Drawing,opened:2004,,,2004,,http://www.c4rd.org.uk/C4RD/Centre_for_Recent_Drawing.html,2-4 Highbury Station Road,N1 1SB,51.54554538,-0.104813911,,Tower Hamlets,North East,Art,Contemporary drawings,,,,
Dorich House Museum,,,opened:2004,,,2004,,http://www.dorichhousemuseum.org.uk/,67 Kingston Vale,SW15 3RN,51.43369465,-0.26197641,Kingston Vale,Kingston upon Thames,South West,Art,"website, former studio of the Estonian sculptor Dora Gordine, with a collection of her works and of Russian Imperial art. Part of Kingston University.",,,,
Foundling Museum,,http://en.wikipedia.org/wiki/Foundling_Museum,opened:2004,,,2004,,http://www.foundlingmuseum.org.uk/,40 Brunswick Square,WC1N 1AZ,51.52526844,-0.121657606,Bloomsbury,Camden,North,Multiple,"History of the Foundling Hospital, Britain's first home for abandoned children, art by many of Britain's most prominent 18th-century artists, 18th-century period rooms, room on composer George Frideric Handel and his connection to the hospital",,,,
Greenwich Heritage Centre,,http://en.wikipedia.org/wiki/Greenwich_Heritage_Centre#Greenwich_Heritage_Centre,opened:2003,,,2003,,http://www.royalgreenwich.gov.uk/heritagecentre/site/index.php,"Artillery Square, Royal Arsenal",SE18 4DX,51.49418816,0.069690311,Woolwich,Greenwich,South East,Local,"Local history, culture, Royal Arsenal and the Royal Woolwich Dockyard",,,,
Museum of London Docklands,,http://en.wikipedia.org/wiki/Museum_of_London_Docklands,"opened:2003, built:1802",1802,,2003,,http://www.museumoflondon.org.uk/docklands/,"No.1 Warehouse, West India Quay",E14 4AL,51.507645,-0.023829801,Isle of Dogs,Tower Hamlets,North East,Maritime,"Area maritime, river and local history",,,,
Ranger's House (Wernher Collection),,http://en.wikipedia.org/wiki/Ranger%27s_House,"built:1700, opened:2002",1700,,2002,,http://www.english-heritage.org.uk/daysout/properties/rangers-house-the-wernher-collection/,Chesterfield Walk,SE10 8QX ,51.47341112,-0.001622136,Greenwich,Greenwich,South East,Art,"Operated by English Heritage, Georgian villa with fine and decorative art collection, including silver and jewels, paintings and porcelain",,,,
Handel House Museum,,http://en.wikipedia.org/wiki/Handel_House_Museum,opened:2001,,,2001,,http://www.handelhouse.org/,25 Brook Street,W1K 4HB,51.51296599,-0.145914618,Mayfair,Westminster,North,Historic house,"18th century period townhouse, home of baroque composer George Frideric Handel",,,,
Redbridge Museum,,,opened:2000,,,2000,,http://www2.redbridge.gov.uk/cms/leisure_and_libraries/culture/redbridge_museum.aspx,Clements Road,IG1 1EA,51.55806315,0.075315745,Ilford,Redbridge,North East,Local,"website, local history, culture, located on the second floor of Ilford Central Library",,,,
Tate Modern,,http://en.wikipedia.org/wiki/Tate_Modern,"built:1947, opened:2000",1947,,2000,,http://www.tate.org.uk/visit/tate-modern,Bankside,SE1 9TG,51.50746733,-0.100140344,Bankside,Southwark,South East,Art,National collection of modern art,,,,
Eltham Palace,,http://en.wikipedia.org/wiki/Eltham_Palace,"opened:1999, built:1305",1305,,1999,,http://www.english-heritage.org.uk/daysout/properties/eltham-palace-and-gardens/,Court Yard,SE9 5QE,51.44821187,0.049505383,Eltham,Greenwich,South East,Historic house,"Operated by English Heritage, 1930s Art Deco house with medieval Great Hall",,,,
London Motorcycle Museum,,http://en.wikipedia.org/wiki/London_Motorcycle_Museum,opened:1999,,,1999,,http://www.london-motorcycle-museum.org/,"Ravenor Farm, 29 Oldfield Lane South",UB6 9LB,51.53131466,-0.353488447,Greenford,Ealing,West,Transportation,Over 150 classic and British motorcycles,,,,
Wellington Arch,,http://en.wikipedia.org/wiki/Wellington_Arch,"built:1826-1830, opened:1999",1826-1830,,1999,,http://en.wikipedia.org/wiki/Wellington_Arch,"Apsley Way, Hyde Park Corner",W1J 7JZ,51.50258671,-0.150917875,,Westminster,North,History,Triumphal arch with exhibits about its history,,,,
Estorick Collection of Modern Italian Art,,http://en.wikipedia.org/wiki/Estorick_Collection_of_Modern_Italian_Art,opened:1998,,,1998,,http://www.estorickcollection.com/,39a Canonbury Square,N1 2AN,51.54398241,-0.099917746,Canonbury,Islington,North,Art,Modern Italian art,,,,
Old Royal Naval College,,http://en.wikipedia.org/wiki/Old_Royal_Naval_College,opened:1997,,,1997,,http://www.ornc.org/,King William Walk,SE10 9NN,51.48271002,-0.008517779,Greenwich,Greenwich,South East,Historic site,,,,,
Shakespeareâ€™s Globe Theatre,,http://en.wikipedia.org/wiki/Shakespeare%27s_Globe,opened:1997,,,1997,,http://www.shakespearesglobe.com/,21 New Globe Walk,SE1 9DT,51.50811106,-0.096582995,Southwark,Southwark,South East,Theatre,"Backstage tours and history of the theatre, costumes, music, theatrical effects, recreation of a 17th-century printing press",,,,
Brunel Museum,,"http://en.wikipedia.org/wiki/Brunei_Gallery,_School_of_Oriental_and_African_Studies",opened:1996 (?),,,1996,,http://www.soas.ac.uk/gallery/," Thornhaugh Street, Russell Square",WC1H 0XG,51.52235023,-0.129244628,Rotherhithe,Southwark,South East,Technology,"History of the construction of the Thames Tunnel and its designers, Sir Marc Isambard Brunel",,,,
World Rugby Museum,,http://en.wikipedia.org/wiki/World_Rugby_Museum,opened:1996,,,1996,,http://www.rfu.com/microsites/museum,Rugby Road ,TW1 1DZ,51.45636931,-0.339216225,Twickenham,Richmond upon Thames,South West,Sports,"Rugby union history and the England national rugby union team, players, memorabilia, history of Twickenham Stadium",,,,
Sutton House,,"http://en.wikipedia.org/wiki/Sutton_House,_London","built:1535, opened:1994",1535,,1994,,http://www.nationaltrust.org.uk/sutton-house/,2 and 4 Homerton High Street,E9 6JQ,51.54848475,-0.050416901,Hackney,Hackney,North,Historic house,"Operated by the National Trust, 16th century Tudor house",,,,
London Canal Museum,,http://en.wikipedia.org/wiki/London_Canal_Museum,"opened:1992, built:1862-1863",1862-1863,,1992,,http://www.canalmuseum.org.uk/,12-13 New Wharf Road,N1 9RT,51.53422135,-0.120308601,Kings Cross,Islington,North,Transportation,History of London's canals,,,,
Fan Museum,,http://en.wikipedia.org/wiki/Fan_Museum,opened:1991,,,1991,,http://www.thefanmuseum.org.uk/,12 Crooms Hill,SE10 8ER,51.47871233,-0.007698231,Greenwich,Greenwich,South East,Fashion,Art and craft of the fan,,,,
Pumphouse Educational Museum,,http://en.wikipedia.org/wiki/Pumphouse_Educational_Museum#The_Pumphouse_Educational_Museum,"built:1929, opened:1991",1929,,1991,,http://www.thepumphouse.org.uk/,"Lavender Pond and Nature Park, Lavender Road, Rotherhithe",SE16 5DZ,51.50632777,-0.038570647,Rotherhithe,Southwark,South East,Local,"Includes the Rotherhithe Heritage Museum with local history and culture exhibits, nature and history programs, and the 2.5-acre Lavender Pond Local Nature Reserve",,,,
Ragged School Museum,,http://en.wikipedia.org/wiki/Ragged_School_Museum,opened:1990,,,1990,,http://www.raggedschoolmuseum.org.uk,46-50 Copperfield Road,E3 4RR,51.51942962,-0.035860052,,Tower Hamlets,North East,Education,History of the Victorian-era charity schools,,,,
Sherlock Holmes Museum,,http://en.wikipedia.org/wiki/Sherlock_Holmes_Museum,opened:1990,,,1990,,http://www.sherlock-holmes.co.uk/,221B Baker Street,NW1 6XE ,51.52370408,-0.158538764,Regent's Park,Westminster,North,Biographical,Dedicated to the fictional detective Sherlock Holmes,,,,
Bank of England Museum,,http://en.wikipedia.org/wiki/Bank_of_England_Museum,opened:1988,,,1988,,http://www.bankofengland.co.uk/education/Pages/default.aspx,Bartholomew Lane ,EC2R 8AH,51.51440036,-0.089056932,City of London,City of London,North East,Numismatic,"History of the Bank and its activities, banknotes and coins, books and documents, pictures, furniture, statues, silver",,,,
Guards Museum,,http://en.wikipedia.org/wiki/The_Guards_Museum,opened:1988,,,1988,,http://www.theguardsmuseum.com/," Wellington Barracks, Birdcage Walk",SW1E 6HQ,51.49995827,-0.137682606,,Westminster,North,Military,"History, artefacts and memorabilia of the five regiments of Foot Guards: the Grenadier Guards, Coldstream Guards, Scots Guards, Irish Guards, and Welsh Guards",,,,
Museum of Richmond,,http://en.wikipedia.org/wiki/Museum_of_Richmond,"opened:1988, founded:1983",,1983,1988,,http://www.museumofrichmond.com/,"Old Town Hall, Whittaker Avenue",TW9 1TP,51.4588421,-0.306522777,Richmond,Richmond upon Thames,South West,Local,"Local history, culture",,,,
Honourable Artillery Company Museum,,http://en.wikipedia.org/wiki/Honourable_Artillery_Company_Museum,opened:1987,,,1987,,http://www.hac.org.uk/home/about-the-hac/estate-treasures/museum/,"Armoury House, City Road",EC1Y 2BQ,51.52291821,-0.087518315,Finsbury,Islington,North,Military,Regimental artefacts and memorabilia,,,,
Freud Museum,,http://en.wikipedia.org/wiki/Freud_Museum,"opened:1986, built:1920",1920,,1986,,http://www.freud.org.uk/,20 Maresfield Gardens,NW3 5SX,51.54883623,-0.177428218,Hampstead,Camden,North,Historic house,"Home of Dr. Sigmund Freud, features his study, exhibits on his life and works, collection of Ancient Egyptian artifacts, contemporary art and Freud-themed exhibitions",,,,
Churchill War Rooms,,http://en.wikipedia.org/wiki/Churchill_War_Rooms,"built:1938-1939, opened:1984, reopened:2005",1938-1939,,1984,2005,http://www.iwm.org.uk/visits/churchill-war-rooms,"Clive Steps, King Charles Street",SW1A 2AQ,51.50176394,-0.129093615,Whitehall,Westminster,North,Multiple,Includes the World War II-era underground Cabinet War Rooms and the Churchill Museum with exhibits about the life of British statesman Winston Churchill,,,,
"Museum of Brands, Packaging and Advertising",,"http://en.wikipedia.org/wiki/Museum_of_Brands,_Packaging_and_Advertising",opened:1984,,,1984,,http://www.museumofbrands.com/,"2 Colville Mews, Lonsdale Road ",W11 2AR,51.51521619,-0.201484706,Notting Hill,Kensington and Chelsea,West,Media,"Advertising, packaging and brand memorabilia and artefacts, including domestic products, packaging, posters, toys and games",,,,
Chelsea Physic Garden,,http://en.wikipedia.org/wiki/Chelsea_Physic_Garden,"founded:1673, opened:1983",,1673,1983,,http://www.chelseaphysicgarden.co.uk/,66 Royal Hospital Road,SW3 4HS,51.48431128,-0.163337974,Chelsea,Kensington and Chelsea,West,Medical,Botanical garden with displays on medicinal uses of plants,,,,
Island History Trust,,http://en.wikipedia.org/wiki/Island_History_Trust,opened:1981,,,1981,,http://www.islandhistory.org.uk/,37-43 Glengall Grove,E14 3NE,51.49531177,-0.01187275,Isle of Dogs,Tower Hamlets,North East,Local,Local history,,,,
18 Stafford Terrace,,http://en.wikipedia.org/wiki/Linley_Sambourne_House,"built:1875, opened:1980",1875,,1980,,http://www.rbkc.gov.uk/subsites/museums/18staffordterrace/visitus.aspx,18 Stafford Terrace,W8 7BH,51.50042551,-0.196923421,Holland Park,Kensington and Chelsea,West,Historic house,"Also known as Linley Sambourne House, home of the Victorian Punch cartoonist Edward Linley Sambourne, features much of his work",250000,6/27/14,$21 ,https://goodformandspectacle.wordpress.com/2014/06/28/gfsvisit1/
Burgh House & Hampstead Museum,,http://en.wikipedia.org/wiki/Burgh_House,"built:1704, opened:1979, reopened:2006",1704,,1979,2006,http://www.burghhouse.org.uk/,New End Square,NW3 1LT,51.55817878,-0.175078366,Hampstead,Camden,North,Local,"Local history, culture, art exhibits",,,,
Whitehall,,http://en.wikipedia.org/wiki/Whitehall_(Sutton),"built:1500, opened:1978",1500,,1978,,https://www.sutton.gov.uk/index.aspx?articleid=1909,1 Malden Road,SM3 8QD,51.35971794,-0.217421159,Cheam,Sutton,South West,Historic house,Tudor house with elements from different eras,,,,
Garden Museum,,http://en.wikipedia.org/wiki/Garden_Museum,opened:1977,,,1977,,http://www.gardenmuseum.org.uk/,Lambeth Palace Rd,SE1 7LB,51.49504825,-0.120206183,Lambeth,Lambeth,South West,Gardening,Tools and artefacts related to ornamental gardening,,,,
Museum of London,,http://en.wikipedia.org/wiki/Museum_of_London,"founded:1964, opened:1976",,1964,1976,,http://www.museumoflondon.org.uk/,150 London Wall,EC2Y 5HN,51.51787679,-0.096017324,Barbican Estate,City of London,North East,History,"City's history, culture, archaeology",,,,
"Old Speech Room Gallery and Museum, Harrow School",,http://en.wikipedia.org/wiki/Harrow_School#Old_Speech_Room_Gallery_.26_Museum,"built:1819-1821, opened:1976",1819-1821,,1976,,http://www.harrowschool.org.uk/1574/public-facilities/visit-the-old-speech-room-gallery/,51 High Street,HA1 3HP,51.57228105,-0.337390767,Harrow,Harrow,West,Art,"Egyptian and Greek antiquities, English watercolours, Modern British paintings, sculpture, printed books and natural history",,,,
Wimbledon Windmill Museum,,https://en.wikipedia.org/wiki/Wimbledon_Windmill,Opened:1976,,,1976,,http://www.wimbledonwindmill.org.uk/,"Windmill Road, Wimbledon Common, London SW19 5NR",SW19 5NR,51.4369409,-0.231912177,Wimbledon,Merton,South West,Mill,"19th century windmill, exhibits on its history and other windmills",,,,
Battle of Britain Bunker,,http://en.wikipedia.org/wiki/Battle_of_Britain_Bunker,"built:1939, opened:1975",1939,,1975,,http://www.raf.mod.uk/battleofbritainbunker/,St. Andrews Road,UB10 0RN,51.54256106,-0.463301092,Uxbridge,Hillingdon,West,History,Museum and restored underground operations room at formerly used by No. 11 Group Fighter Command during World War II,,,,
The Faraday Museum,,http://en.wikipedia.org/wiki/Michael_Faraday_Museum,opened:1973,,,1973,,http://www.rigb.org/visit-us/faraday-museum,21 Albemarle Street,W1S 4BS,51.50994545,-0.142564202,Mayfair,Westminster,North,Science,"Located at the Royal Institution, reconstruction of scientist Michael Faraday's 19th century laboratory",,,,
Orleans House Gallery,,http://en.wikipedia.org/wiki/Orleans_House_Gallery,opened:1972,,,1972,,http://www.richmond.gov.uk/orleans_house_gallery/,Riverside, TW1 3DJ,51.44700437,-0.320013263,Twickenham,Richmond upon Thames,South West,Art,"Municipal art gallery, also the Stables Gallery",,,,
Royal Air Force Museum London,,http://en.wikipedia.org/wiki/Royal_Air_Force_Museum_London,opened:1972,,,1972,,http://www.rafmuseum.org.uk,Grahame Park Way,NW9 5LL,51.59894321,-0.238174943,Colindale,Barnet,North,Aviation,History of aviation and the British Royal Air Force,,,,
Francis Skaryna Belarusian Library and Museum,,http://en.wikipedia.org/wiki/Francis_Skaryna_Belarusian_Library_and_Museum,opened:1971,,,1971,,http://skaryna.org.uk/,37 Holden Road,N12 8HS,51.61611612,-0.184325392,North Finchley,Barnet,North,Cultural,Collection of material relating to the history of Belarus,,,,
HMS Belfast,,http://en.wikipedia.org/wiki/HMS_Belfast_(C35),"built:1936-1938, opened:1971, reopened:2012",1936-1938,,1971,2012,http://www.iwm.org.uk/visits/hms-belfast/,The Queen's Walk,SE1 2JH,51.50604823,-0.08146656,Southwark,Southwark,South East,Maritime,"Operated by the Imperial War Museum, originally a Royal Navy light cruiser and served during the Second World War and Korean War",,,,
National Army Museum,,http://en.wikipedia.org/wiki/National_Army_Museum,"founded:1960, opened:1971",,1960,1971,,http://www.nam.ac.uk/,Royal Hospital Road,SW3 4HT,51.48600418,-0.160043588,Chelsea,Kensington and Chelsea,West,Military,History and artefacts of the British Army,,,,
Bethlem Museum of the Mind,,http://en.wikipedia.org/wiki/Bethlem_Royal_Hospital_Archives_and_Museum,founded:1247,1247,,1970,,http://www.bethlemheritage.org.uk/,Monks Orchard Road,BR3 3BX,51.38092892,-0.029738352,Beckenham,Bromley,South East,Medical,Art by patients and historic artefacts,,,,
British Postal Museum and Archive,,http://en.wikipedia.org/wiki/British_Postal_Museum_and_Archive,opened:1969,,,1969,,http://www.postalheritage.org.uk/,"Freeling House, Phoenix Place",WC1X 0DL,51.52426268,-0.113900177,Clerkenwell,Islington,North,Philatelic,"Postal communications history, stamps, letters, artefacts",,,,
Hayward Gallery,,http://en.wikipedia.org/wiki/The_Hayward,opened:1968,,,1968,,http://www.southbankcentre.co.uk/venues/hayward-gallery,"Southbank Centre, Belvedere Road",SE1 8XX,51.50576685,-0.116811092,Southbank,Lambeth,South West,Art,"Part of the Southbank Centre, contemporary art",,,,
Fusiliers Museum,,http://en.wikipedia.org/wiki/Fusiliers_Museum_(London)#Fusiliers_Museum,"established:1949, opened:1962",,1949,1962,,http://www.fusiliermuseumlondon.org/,HM Tower of London,EC3N 4AB,51.50860246,-0.075998486,Tower Hill,Tower Hamlets,North East,Military,"History of the Royal Fusiliers, uniforms, regalia, medals, weapons and memorabilia, located at the Tower of London",,,,
Old Operating Theatre Museum and Herb Garret,,http://en.wikipedia.org/wiki/Old_Operating_Theatre,opened:1962,,,1962,,http://www.thegarret.org.uk/,9a St. Thomas's Street,SE1 9RY,51.50492175,-0.087926109,Southwark,Southwark,South East,Medical,"19th century operating theatre, herb garret and museum of surgery",,,,
Queen's Gallery,,http://en.wikipedia.org/wiki/Queen%27s_Gallery,opened:1962,,,1962,,http://www.royalcollection.org.uk/visit/the-queens-gallery-buckingham-palace,Buckingham Palace,SW1A 1AA,51.50100917,-0.141573197,,Westminster,North,Art,"Exhibitions of items from the Royal Collection, located at Buckingham Palace",,,,
Baden-Powell House Exhibition,,http://en.wikipedia.org/wiki/Baden-Powell_House_Exhibition,opened:1961,,,1961,,http://www.towntocountry.co.uk/bpHouse/default.asp,65â€“67 Queen's Gate,SW7 5JS,51.49557952,-0.179524469,South Kensington,Kensington and Chelsea,West,Biographical,"History of Lord Baden-Powell, the founder of Scouting",,,,
Pollock's Toy Museum,,http://en.wikipedia.org/wiki/Pollock%27s_Toy_Museum,opened:1956,,,1956,,http://www.pollockstoymuseum.com/,1 Scala Street,W1T 2HL,51.52032435,-0.135295163,,Camden,North,Toy,"Toys, games, dolls, puppets, folk toys",,,,
Marylebone Cricket Club Museum,,http://en.wikipedia.org/wiki/Lord%27s_Cricket_Ground#MCC_Museum,"founded:1864, opened:1953",,1864,1953,,http://www.lords.org/history/mcc-museum-library-and-collections/mcc-museum/,St John's Wood Rd,NW8 8QN,51.52854435,-0.173063049,St John's Wood,Westminster,North,Sports,"History and memorabilia of cricketing, located at Lord's Cricket Ground",,,,
Forty Hall Museum,,http://en.wikipedia.org/wiki/Forty_Hall,"built:1629-1632, opened:1951",1629-1632,,1951,,http://www.fortyhallestate.co.uk/,Forty Hill,EN2 9HA,51.66993632,-0.06886612,Forty Hill,Enfield,North,Multiple,"Local history, 17th and 18th century ceramics and pottery, 19th and 20th century china, glassware",,,,
William Morris Gallery,,http://en.wikipedia.org/wiki/William_Morris_Gallery,"opened:1950, reopened:2012",,,1950,2012,http://www.wmgallery.org.uk/,"Lloyd Park, Forest Road",E17 4PP,51.59058424,-0.018528794,Walthamstow,Waltham Forest,North East,Art,"Arts and Crafts movement furniture, textiles, ceramics and glass",,,,
Barnet Museum,,http://en.wikipedia.org/wiki/Barnet_Museum,opened:1938,,,1938,,http://www.barnetmuseum.co.uk/,31 Wood Street,EN5 4BE,51.65282315,-0.202475955,Barnet,Barnet,North,Local,"Local history, costumes, domestic items, lace",,,,
National Maritime Museum,,http://en.wikipedia.org/wiki/National_Maritime_Museum,"founded:1934, opened:1937",,1934,1937,,http://www.rmg.co.uk/national-maritime-museum,Romney Road,SE10 9NF,51.48115383,-0.003732045,Greenwich,Greenwich,South East,Maritime,"History of Britain at sea, includes maritime art, ship models and plans, scientific and navigational instruments, instruments for time-keeping and astronomy. Incorporates Greenwich Observatory and the Queen's House.",,,,
Eastbury Manor House,,http://en.wikipedia.org/wiki/Eastbury_Manor_House,opened:1931,,,1931,,http://www.nationaltrust.org.uk/eastbury-manor-house/,Eastbury Square,IG11 9SN,51.53434314,0.099412436,Barking,Barking and Dagenham,North East,Historic house,"Owned by the National Trust, 16th century Tudor gentry house, local history displays",,,,
Keats House,,http://en.wikipedia.org/wiki/Keats_House,"built:1814-1815, opened:1931",1814-1815,,1931,,http://www.cityoflondon.gov.uk/things-to-do/attractions-around-london/keats-house/Pages/default.aspx,Keats Grove,NW3 2RR,51.55548207,-0.168218867,Hampstead,Camden,North,Historic house,Early 19th century home of Romantic poet John Keats,,,,
Vestry House Museum,,http://en.wikipedia.org/wiki/Vestry_House_Museum,"buitl:1730, opened:1930",1730,,1930,,http://www.walthamforest.gov.uk/pages/services/vhm.aspx,Vestry Road,E17 9NH ,51.5833763,-0.012390184,Walthamstow,Waltham Forest,North East,Local,"Local history, culture",,,,
Down House,,http://en.wikipedia.org/wiki/Down_House,opened:1929,,,1929,,http://www.english-heritage.org.uk/daysout/properties/home-of-charles-darwin-down-house/,Luxted Road,BR6 7JT ,51.32453671,0.054392667,Downe,Bromley,South East,Historic house,"Operated by English Heritage, home of naturalist Charles Darwin where he wrote ""On the Origin of Species""",,,,
Gunnersbury Park Museum,,http://en.wikipedia.org/wiki/Gunnersbury_Park_Museum,opened:1929,,,1929,,http://www.hounslow.info/arts-culture/historic-houses-museums/gunnersbury-park-museum/,Popes Lane,W3 8LQ,51.4997501,-0.287444188,Brentford,Hounslow,West,Local,"Local history of Hounslow and Ealing boroughs, archaeology, costume, fine art, ceramics, also Edwardian era kitchen rooms",,,,
Leighton House Museum,,http://en.wikipedia.org/wiki/Leighton_House_Museum,opened:1929,,,1929,,http://www.rbkc.gov.uk/subsites/museums/leightonhousemuseum1.aspx,12 Holland Park Road,W14 8LZ,51.49843186,-0.203542994,Holland Park,Kensington and Chelsea,West,Art,"Victorian house of painter Frederic, Lord Leighton, features paintings, sculpture, Middle Eastern tiles",,,,
Kenwood House,,http://en.wikipedia.org/wiki/Kenwood_House,opened:1928,,,1928,,http://www.english-heritage.org.uk/daysout/properties/kenwood/,Hampstead Lane,NW3 7JR,51.57132619,-0.16761089,Hampstead,Camden,North,Historic house,"Operated by English Heritage, 17th century former stately home, interiors by Robert Adam, features collection of Old Master paintings",,,,
Charles Dickens Museum,Y,http://en.wikipedia.org/wiki/Charles_Dickens_Museum,opened:1925,,,1925,,http://www.dickensmuseum.com/,"48 Doughty Street,",WC1N 2LX,51.523599,-0.116248473,Holborn,Camden,North,Historic house,"Mid-19th century period house with original papers, furniture and items relating to author Charles Dickens",,,,
Boston Manor House,,http://en.wikipedia.org/wiki/Boston_Manor_House,"built:1622-1623, opened:1924, reopened:1963",1622-1623,,1924,1963,http://www.hounslow.info/arts-culture/historic-houses-museums/boston-manor-house/,Boston Manor Road,TW8 9JX,51.49234153,-0.318592075,Boston Manor,Hounslow,West,Historic house,17th century Jacobean manor house,,,,
Imperial War Museum London,,http://en.wikipedia.org/wiki/Imperial_War_Museum,"founded:1917, opened:1920",,1917,1920,,http://www.iwm.org.uk/,Lambeth Road,SE1 6HZ,51.49600845,-0.108338825,Southwark,Southwark,South East,Military,Warfare in the 20th and 21st centuries,,,,
British Dental Association Museum,,http://en.wikipedia.org/wiki/British_Dental_Association_Museum,opened:1919,,,1919,,http://www.bda.org/museum/,64 Wimpole Street,W1G 8YS,51.5185752,-0.148627227,,Westminster,North,Medical,History of dental care in the United Kingdom,,,,
Geffrye Museum,Y,http://en.wikipedia.org/wiki/Geffrye_Museum,opened:1914,,,1914,,http://www.geffrye-museum.org.uk/,Kingsland Road,E2 8EA,51.53155573,-0.076256373,Shoreditch,Hackney,North,Art and historic house,Changing style of the English domestic interior in a series of period rooms from 1600 to the present day. Also historic alms house.,,,,
Westminster Abbey Museum,,http://en.wikipedia.org/wiki/Westminster_Abbey_Museum,opened:1908,,,1908,,http://www.westminster-abbey.org/visit-us/museum,20 Dean's Yard,SW1P 3PA,51.4989,-0.128260002,Westminster,Westminster,North,Religious,"Royal and other funeral effigies, religious artefacts",,,,
Bruce Castle Museum,,http://en.wikipedia.org/wiki/Bruce_Castle,opened:1906,,,1906,,http://www.haringey.gov.uk/leisure/brucecastlemuseum.htm,Lordship Lane ,N17 8NU,51.59908627,-0.075511992,Tottenham,Haringey,North,Local,"Local history, culture",,,,
Cuming Museum,,http://en.wikipedia.org/wiki/Cuming_Museum,opened:1906,,,1906,,http://www.southwark.gov.uk/cumingmuseum,151 Walworth Road,SE17 1RY,51.49116006,-0.096583263,Walworth,Southwark,South East,Local,"Local history, culture; small collection of Ancient Egyptian objects. Closed since March 2013 due to fire damage.",,,,
Pitzhanger Manor,,http://en.wikipedia.org/wiki/Pitzhanger_Manor,opened:1902,,,1902,,http://www.ealing.gov.uk/faqs/200893/pm_gallery_and_house/answer/172/what_is_the_history_of_pitzhanger_manor-house," Walpole Park, Mattock Lane",W5 5EQ,51.51086251,-0.30711647,Ealing,Ealing,West,Historic house,"Also known as PM Gallery and House, manor designed by architect John Soane with PM Gallery for contemporary art, tours and information about the house",,,,
Horniman Museum,,http://en.wikipedia.org/wiki/Horniman_Museum,opened:1901,,,1901,,http://www.horniman.ac.uk/,100 London Road,SE23 3PQ,51.44113118,-0.060747908,Forest Hill,Lewisham,South East,Multiple,"Musical instruments, art, natural history, anthropology, African arts and culture, aquarium, gardens",,,,
Wallace Collection,,http://en.wikipedia.org/wiki/Wallace_Collection,"founded:1897, opened:1900",,1897,1900,,http://www.wallacecollection.org/,Manchester Square,W1U 3BN,51.51769278,-0.153116757,Marylebone,Westminster,North,Art,Old masters and decorative arts,,,,
Tate Britain,,http://en.wikipedia.org/wiki/Tate_Britain,opened:1897,,,1897,,http://www.tate.org.uk/visit/tate-britain,Millbank,SW1P 4RG,51.49087058,-0.1271916,Millbank,Westminster,North,Art,National collection of historical and contemporary British art,,,,
Carlyle's House,,http://en.wikipedia.org/wiki/Carlyle%27s_House,"built:1708, opened:1895",1708,,1895,,http://www.nationaltrust.org.uk/carlyles-house/,24 Cheyne Row,SW3 5HL,51.48394053,-0.169531647,Chelsea,Kensington and Chelsea,West,Historic house,"Operated by the National Trust, Victorian period townhouse home of historian and philosopher Thomas Carlyle",,,,
Guildhall Art Gallery,,http://en.wikipedia.org/wiki/Guildhall_Art_Gallery,"opened:1885, reopened:1999",,,1885,1999,http://www.cityoflondon.gov.uk/things-to-do/visiting-the-city/attractions-museums-and-galleries/guildhall-art-gallery-and-roman-amphitheatre/Pages/Guildhall%20Art%20Gallery%20default.aspx,Guildhall Yard (off Gresham Street),EC2V 5AE,51.51528324,-0.091916949,Bassishaw,City of London,North East,Art,"Located in the Guildhall, collection includes art and cultural artefacts about London, Victorian-era works, remains of a Roman amphitheatre in the basement",,,,
Natural History Museum,,"http://en.wikipedia.org/wiki/Natural_History_Museum,_London",opened:1881,,,1881,,http://www.nhm.ac.uk/,Cromwell Road,SW7 5BD,51.49656354,-0.17687765,South Kensington,Kensington and Chelsea,West,Natural history,"Also includes the Geological Museum, collections focus is botany, entomology, mineralogy, palaeontology and zoology.",,,,
Clockmakers' Museum,,http://en.wikipedia.org/wiki/Clockmakers%27_Museum,opened:1874,,,1874,,http://www.clockmakers.org/museum-and-library/,"Guildhall Library, Aldermanbury",EC2P 2EJ,51.52450307,-0.112073873,Bassishaw,City of London,North East,Horology,"Clocks, watches and other horological items, located in the Guildhall",,,,
Victoria and Albert Museum,Y,http://en.wikipedia.org/wiki/Victoria_and_Albert_Museum,"founded:1852, opened:1857",,1852,1857,,http://www.vam.ac.uk/,Cromwell Road,SW7 2RL,51.49681939,-0.172516591,South Kensington,Kensington and Chelsea,West,Multiple,"National collection of applied arts, includes ceramics, glass, textiles, costumes, silver, ironwork, jewellery, furniture, medieval objects, sculpture, prints and printmaking, drawings and photographs, theatre and performing arts, Asian art and decorative arts, architecture",,,,
National Portrait Gallery,,http://en.wikipedia.org/wiki/National_Portrait_Gallery_(London),opened:1856,,,1856,,http://www.npg.org.uk/,St. Martin's Place,WC2H 0HE,51.50939754,-0.128463872,Trafalgar Square,Westminster,North,Art,Portraits of historically important and famous British people,,,,
Firepower: The Royal Artillery Museum,,http://en.wikipedia.org/wiki/Firepower:_The_Royal_Artillery_Museum,opened:1820,,,1820,,http://www.firepower.org.uk/,Royal Arsenal,SE18 6ST,51.4941424,0.070754312,Woolwich,Greenwich,South East,Military,"History and artefacts of the Royal Regiment of Artillery and the Royal Arsenal, collections of historic and modern weapons",,,,
Dulwich Picture Gallery,,http://en.wikipedia.org/wiki/Dulwich_Picture_Gallery,opened:1817,,,1817,,http://www.dulwichpicturegallery.org.uk/,Gallery Road,SE21 7AD,51.44631921,-0.086417636,Dulwich,Southwark,South East,Art,"Collection of European Old Masters, mostly of the 17th and 18th centuries",,,,
"Wesley's Chapel, Museum of Methodism and John Wesley's House",,http://en.wikipedia.org/wiki/Wesley%27s_Chapel,opened:1778,,,1778,,http://www.sacred-destinations.com/england/london-wesley-chapel,49 City Road,EC1Y 1AU,51.52383724,-0.087076175,,Islington,North,Religious,History of Methodism from its founding by John Wesley to the present,,,,
British Museum,,http://en.wikipedia.org/wiki/British_Museum,"founded:1753, opened:1759",,1753,1759,,http://www.britishmuseum.org/,Great Russell Street,WC1B 3DG,51.51896997,-0.126485957,Bloomsbury,Camden,North,Multiple,"Art, decorative arts, archaeology, antiquities from Ancient Egypt, Rome, Greece and the Middle East, coins, galleries on Africa, North America, Mexico, Asia",,,,
"Royal Botanic Gardens, Kew",,"http://en.wikipedia.org/wiki/Royal_Botanic_Gardens,_Kew",opened:1759,,,1759,,http://www.kew.org,Royal Botanic Gardens,TW9 3AB,51.48365118,-0.289732435,Kew,Richmond upon Thames,South West,Multiple,"Includes Shirley Sherwood Gallery of Botanical Art, Marianne North Gallery, exhibits on plants and conservation",,,,
2 Willow Road,,http://en.wikipedia.org/wiki/2_Willow_Road,designed:1939,,,,,http://www.nationaltrust.org.uk/2-willow-road/,2 Willow Road,NW3 1TH,51.55719116,-0.169405252,Hampstead,Camden,North,Historic house,"Operated by the National Trust, modernist terrace house designed by ErnÅ‘ Goldfinger, features a significant collection of 20th century art",,,,
Age Exchange Reminiscence Centre,,,founded:1983,,1983,,,http://www.age-exchange.org.uk/, 11 Blackheath Village,SE3 9LA,51.46561343,0.009482997,Blackheath,Greenwich,South East,History,"website, 20th century everyday artefacts and memorabilia, includes 1930s shop, clothing, wartime memorabilia",,,,
Alexander Fleming Laboratory Museum,,http://en.wikipedia.org/wiki/Alexander_Fleming_Laboratory_Museum,,,,,,http://www.imperial.nhs.uk/aboutus/ourorganisation/museumsandarchives/index.htm,"St Mary's Hospital, Praed Street",W2 1NY,51.51712361,-0.174197495,Paddington,Westminster,North,Medical,"Located at St Mary's Hospital, London, site and history of Alexander Fleming's discovery of penicillin, 1928 period laboratory",,,,
All Hallows-by-the-Tower Crypt Museum,,http://en.wikipedia.org/wiki/All_Hallows-by-the-Tower,founded:675,,675,,,http://www.ahbtt.org.uk/,Byward Street,EC3R 5BJ,51.50945133,-0.079507818,Tower,City of London,North East,Religious,"Saxon-period Anglican church, museum of church's history, including Roman and Saxon artefacts, historic religious artefacts",,,,
Anaesthesia Heritage Centre,,http://en.wikipedia.org/wiki/Anaesthesia_Heritage_Centre,,,,,,http://www.medicalmuseums.org/Anaesthesia-Heritage-Centre/,21 Portland Place,W1B 1PY,51.51939206,-0.145120335,Fitzrovia,Westminster,North,Medical,History of anaesthesia and the Association of Anaesthetists of Great Britain and Ireland,,,,
Apsley House,,http://en.wikipedia.org/wiki/Apsley_House,built:1771-1778,1771-1778,,,,http://www.english-heritage.org.uk/daysout/properties/apsley-house/,149 Piccadilly,W1J 7NT,51.50341073,-0.151849916,Hyde Park Corner,Westminster,North,Historic house,"Operated by English Heritage, also known as Wellington Museum, home of The Duke of Wellington, significant collections of paintings, porcelain, sculpture and furniture",,,,
"Banqueting House, Whitehall",,"http://en.wikipedia.org/wiki/Banqueting_House,_Whitehall",built:1619-1622,1619-1622,,,,http://www.hrp.org.uk/banquetinghouse/,,SW1A 2ER,51.50411348,-0.125870591,,Westminster,North,Historic house,"17th century ornate building used for entertaining, designed by Inigo Jones, only remaining component of the Palace of Whitehall",,,,
"Ben Uri Gallery, The London Jewish Museum of Art",,"http://en.wikipedia.org/wiki/Ben_Uri_Gallery,_The_London_Jewish_Museum_of_Art",founded:1915,,1915,,,http://www.benuri.org.uk/,108a Boundary Road,NW8 0RH,51.53742405,-0.185497692,St John's Wood,Westminster,North,Art,Jewish art,,,,
Brent Museum,,,,,,,,http://www.brent.gov.uk/museum,"Brent Civic Centre, Engineers Way",HA9 0FJ,51.55898445,-0.281425968,Willesden,Brent,West,Local,"website, located in the Willesden Green Library Centre, local history and culture, formerly the ""Grange Museum of Community History""",,,,
British Airways Heritage Centre,,,founded:1919,,1919,,,http://www.britishairways.com/en-gb/information/about-ba/history-and-heritage/heritage-collection,"Waterside, Speedbird Way",UB7 0GA,51.48549054,-0.487025984,Hatton,Hounslow,West,Aviation,"website, history and memorabilia of British Airways, including uniforms, aircraft models and pictures, posters and photographs",,,,
British Library,Y,http://en.wikipedia.org/wiki/British_Library,created:1973,,1973,,,http://bl.uk,96 Euston Road,NW1 2DB,51.52998501,-0.126999744,St Pancras,Camden,North,Library,"Changing exhibits of art, history and culture from its collections",,,,
British Optical Association Museum,,http://en.wikipedia.org/wiki/British_Optical_Association_Museum,founded:1901,,1901,,,http://www.college-optometrists.org/en/college/museyeum/index.cfm,"The College of Optometrists, 42 Craven Street",WC2N 5NG,51.50780815,-0.125229034,Charing Cross,Westminster,North,Medical,History of eye care,,,,
British Red Cross Museum and Archives,,http://en.wikipedia.org/wiki/British_Red_Cross#British_Red_Cross_Museum,founded:1870,,1870,,,http://www.redcross.org.uk/About-us/Who-we-are/Museum-and-archives,44 Moorfields,EC2Y 9AL,51.51917715,-0.088611951,Moorgate,City of London,North East,Medical,"History and memorabilia of the British Red Cross, open by appointment only",,,,
Bromley Museum,,,,,,,,http://www.bromley.gov.uk/info/200070/museums_and_galleries/357/bromley_museum,"The Priory, Church Hill, Orpington",BR6 0HH,51.37863412,0.104278548,Orpington,Bromley,South East,Local,"website, local history, culture",,,,
Buckingham Palace,,http://en.wikipedia.org/wiki/Buckingham_Palace,built:1705,1705,,,,http://www.royal.gov.uk/TheRoyalResidences/BuckinghamPalace/BuckinghamPalace.aspx,Buckingham Palace,SW1A 1AA,51.50100917,-0.141573197,,Westminster,North,Historic house,"Official London residence of the British monarch, public tours of the state rooms, includes Queen's Gallery and Royal Mews",,,,
Building Centre,,,founded:1931,,1931,,,http://www.buildingcentre.co.uk/home.asp,Store Street,WC1E 7BT,51.51965365,-0.131574899,Bloomsbury,Camden,North,Design,"website, exhibits on architecture and design",,,,
Chartered Insurance Institute Museum,,http://en.wikipedia.org/wiki/Chartered_Insurance_Institute_Museum,,,,,,http://www.cii.co.uk/,20 Aldermanbury,EC2V 7HY,51.51661034,-0.092236231,,City of London,North East,Firefighting,,,,,
Chiswick House,,http://en.wikipedia.org/wiki/Chiswick_House,built:1729,1729,,,,http://www.chgt.org.uk/,,W4 2RP,51.48609711,-0.257363271,Chiswick,Hounslow,West,Historic house,"18th century neo-Palladian villa with large collection of art and furniture, gardens",,,,
Cinema Museum,,http://en.wikipedia.org/wiki/Cinema_Museum_(London),founded:1986,,1986,,,http://www.cinemamuseum.org.uk/,2 Dugard Way,SE11 4TH,51.49231474,-0.105135253,Lambeth,Lambeth,South West,Media,History and artefacts of film making,,,,
Clink Prison Museum,,http://en.wikipedia.org/wiki/Clink_Prison_Museum,built:1144,1144,,,,http://www.clink.co.uk/,1 Clink St,SE1 9DG ,51.50698288,-0.091903484,Southwark,Southwark,South East,Prison,Site and history of the notorious prison in use from the 12th century to 1780,,,,
Courtauld Gallery,,http://en.wikipedia.org/wiki/Courtauld_Gallery,founded:1932,,1932,,,http://www.courtauld.ac.uk/GALLERY/,Somerset House,WC2R 0RN,51.51073254,-0.116923374,Strand,Westminster,North,Art,"Part of the University of London, located in Somerset House, features Old Masters and Impressionist paintings",,,,
Crime Museum,,http://en.wikipedia.org/wiki/Black_Museum#Crime_Museum,founded:1874,,1874,,,http://content.met.police.uk/Article/The-Crime-Museum/1400015334971/1400015334971,"New Scotland Yard, 8-10 Broadway",SW1H 0BG,51.49873448,-0.133107694,,Westminster,North,Law enforcement,"History, artefacts and crime memorabilia of Scotland Yard, not open to the public",,,,
Crofton Roman Villa,,http://en.wikipedia.org/wiki/Crofton_Roman_Villa,discovered:1926,,,,,http://cka.moon-demon.co.uk/villa.htm,Crofton Rd,BR6 8AF,51.37287898,0.085149005,Orpington,Bromley,South East,Archaeology,Remains of a Roman villa,,,,
Crossness Pumping Station,,http://en.wikipedia.org/wiki/Crossness_Pumping_Station,built:1859-1865,1859-1865,,,,http://www.crossness.org.uk/index.html,"Belvedere Road, Abbey Wood",SE2 9AQ,51.50608395,0.133504764,Crossness,Bexley,South East,Technology,Victorian sewage pumping station with preserved steam engines,,,,
Crystal Palace Museum,,,,,,,,http://www.crystalpalacemuseum.org.uk/,Anerley Hill,SE19 2BA,51.41856148,-0.074503634,Crystal Palace,Bromley,South East,History,"website, history and memorabilia of The Crystal Palace",,,,
Cutty Sark Museum,,http://en.wikipedia.org/wiki/Cutty_Sark_Museum,"built:1869, reopened:2012",1869,,,2012,http://www.rmg.co.uk/cuttysark,King William Walk,SE10 9HT,51.48262052,-0.009601875,Greenwich,Greenwich,South East,Maritime,"Mid-19th century clipper, museum ship currently under restoration",,,,
Danson House,,http://en.wikipedia.org/wiki/Danson_House,built:1766,1766,,,,http://www.bexleyheritagetrust.org.uk/dansonhouse/,Bexleyheath,DA6 8HL,51.45576902,0.122592944,Danson Park,Bexley,South East,Historic house,18th century Georgian house,,,,
De Morgan Centre,,http://en.wikipedia.org/wiki/De_Morgan_Centre,founded:1967,,1967,,,http://www.demorgan.org.uk/,38 West Hill,SW18 1RX,51.45703442,-0.201455066,Wandsworth,Wandsworth,South West,Art,"Late 19th and early 20th century ceramics by William De Morgan, and paintings by his wife, the painter Evelyn De Morgan, reopened to the public on Thursday 15 September 2011",,,,
Dennis Severs' House,,http://en.wikipedia.org/wiki/Dennis_Severs%27_House,built:1724,1724,,,,http://www.dennissevershouse.co.uk/,18 Folgate Street,E1 6BX,51.5209802,-0.077336322,Spitalfields,Tower Hamlets,North East,Living,Enactments of life in the 18th and 19th centuries,,,,
Design Museum,,http://en.wikipedia.org/wiki/Design_Museum,founded:1989,,1989,,,http://designmuseum.org/,28 Shad Thames,SE1 2YD,51.50279702,-0.071848318,Shad Thames,Southwark,South East,Art,"Product, industrial, graphic, fashion and architectural design",,,,
Dr Johnson's House,,http://en.wikipedia.org/wiki/Dr_Johnson%27s_House,built:1700,1700,,,,http://www.drjohnsonshouse.org/,17 Gough Square,EC4A 3DE,51.51483388,-0.107472526,City of London,City of London,North East,Historic house,18th-century townhouse home of 18th-century English writer Samuel Johnson,,,,
Fashion and Textile Museum,,http://en.wikipedia.org/wiki/Fashion_and_Textile_Museum,founded:2003,,2003,,,http://ftmlondon.org/,83 Bermondsey Street,SE1 3XF,51.5015673,-0.081856476,Bermondsey,Southwark,South East,Fashion,"Fashions, textiles and jewellery, both historic and contemporary",,,,
Fenton House,,http://en.wikipedia.org/wiki/Fenton_House,,,,,,http://www.nationaltrust.org.uk/fenton-house/,Hampstead Grove,NW3 6SP,51.55869219,-0.179183748,Hampstead,Camden,North,Historic house,"Operated by the National Trust, 17th century merchant's house, features collections of early keyboard instruments, paintings, porcelain, needlework pictures and Georgian furniture",,,,
Florence Nightingale Museum,,http://en.wikipedia.org/wiki/Florence_Nightingale_Museum,reopened:2010,,,,2010,http://www.florence-nightingale.co.uk/,2 Lambeth Palace Road,SE1 7EW,51.50036547,-0.117566853,Lambeth,Lambeth,South West,Medical,Life and nursing work of Florence Nightingale,,,,
Fulham Palace,,http://en.wikipedia.org/wiki/Fulham_Palace,established:704,704,,,,http://www.fulhampalace.org/,Bishopâ€™s Avenue,SW6 6EA,51.47046975,-0.215613156,Fulham,Hammersmith and Fulham,West,Historic house,"Medieval former residence of the Bishop of London, also art gallery",,,,
Galton Collection,,http://en.wikipedia.org/wiki/Galton_Collection,established:1911,,1911,,,http://www.ucl.ac.uk/museums/galton,"University College London, Gower Street",WC1E 6BT,51.52477267,-0.13341239,Bloomsbury,Camden,North,Medical,"Part of the University College London, open by appointment only, scientific instruments, papers, and personal memorabilia of Sir Francis Galton",,,,
Garrick's Temple to Shakespeare,,http://en.wikipedia.org/wiki/Garrick%27s_Temple_to_Shakespeare,"built:1756, reopened:1998",1756,,,1998,http://www.garrickstemple.org.uk/,"Hampton Court Road,",TW12 2EN ,51.41143028,-0.35551229,Hampton,Richmond upon Thames,South West,Biographical,"18th century folly built by actor David Garrick to celebrate the genius of William Shakespeare, includes display on Garrick's life and acting career",,,,
Golden Hind,,http://en.wikipedia.org/wiki/Golden_Hind,,,,,,http://www.goldenhinde.com/,"1 Pickfords Wharf, Clink Street",SE1 9DG,51.50698288,-0.091903484,Bankside,Southwark,South East,Maritime,Replica museum ship of the 16th century galleon used by Sir Francis Drake,,,,
Grant Museum of Zoology and Comparative Anatomy,,http://en.wikipedia.org/wiki/Grant_Museum_of_Zoology_and_Comparative_Anatomy,established:1828,,1828,,,http://www.ucl.ac.uk/museums/zoology,"University College London, Gower Street",WC1E 6BT,51.52477267,-0.13341239,Bloomsbury,Camden,North,Natural history,"Part of the University College London, skeletons, taxidermy, entomology and specimens preserved in fluid",,,,
Hackney Museum,,,,,,,,http://www.hackney.gov.uk/cm-museum.htm,1 Reading Lane,E8 1GQ,51.54447817,-0.056082975,Hackney,Hackney,North,Local,"website, local history, culture",,,,
Hall Place,,http://en.wikipedia.org/wiki/Hall_Place,built:1537,1537,,,,http://www.bexleyheritagetrust.org.uk/hallplace/,Bourne Road,DA5 1PQ,51.44799127,0.160428605,Crayford,Bexley,South East,Historic house,"16th & 17th century former stately home, exhibits from the Bexley Museum's collections including art, social history, natural history, geology, archaeology, Ancient Egypt, costumes, furniture",,,,
Ham House,,http://en.wikipedia.org/wiki/Ham_House,built:1610,1610,,,,http://www.nationaltrust.org.uk/ham-house/,Ham Street,TW10 7RS,51.44368003,-0.316451466,Ham,Richmond upon Thames,South West,Historic house,"Operated by the National Trust, 17th century grand house, fine interiors and historic gardens, collections of textiles and furniture",,,,
Hampton Court Palace,,http://en.wikipedia.org/wiki/Hampton_Court_Palace,built:1514-1521,1514-1521,,,,http://www.hrp.org.uk/HamptonCourtPalace/,East Molesey,KT8 9AU,51.40381353,-0.337655813,Hampton,Richmond upon Thames,South West,Historic house,"Former royal palace, King Henry VIII exhibition, Tudor kitchen, Tudor-period living history programs, gardens, maze",,,,
Harrow Museum,,http://en.wikipedia.org/wiki/Harrow_Museum,reopened:2014,,,,2014,http://www.harrow.gov.uk/info/200070/museums_and_galleries/190/harrow_museum,Pinner View,HA2 6PX,51.59376676,-0.35293482,Headstone,Harrow,West,Local,"Local history, industry, archaeology",,,,
Hogarth's House,,http://en.wikipedia.org/wiki/Hogarth%27s_House,built:1713-1717,1713-1717,,,,http://www.hounslow.info/arts-culture/historic-houses-museums/hogarth-house/,"Hogarth Lane, Great West Road",W4 2QN,51.48709897,-0.258823047,Chiswick,Hounslow,West,Historic house,Home of the 18th-century English artist William Hogarth,,,,
Honeywood Museum,,http://en.wikipedia.org/wiki/Carshalton#Honeywood_Museum,reopened:2012,,,,2012,http://www.friendsofhoneywood.co.uk/,Honeywood Walk,SM5 3NX,51.36545975,-0.165295758,Carshalton,Sutton,South West,Local,"17th-century house with details from different eras of ownership, local history exhibits",,,,
House Mill,,http://en.wikipedia.org/wiki/House_Mill,built:1776,1776,,,,http://www.housemill.org.uk/,Three Mill Lane,E3 3DU,51.52684614,-0.006405016,Bromley-by-Bow,Newham,North East,Mill,18th-19th century tidal mill,,,,
Household Cavalry Museum,,http://en.wikipedia.org/wiki/Horse_Guards_(building)#Household_Cavalry_Museum,,,,,,http://www.householdcavalrymuseum.co.uk/,Horse Guards,SW1A 2AX,51.50498077,-0.127247133,Whitehall,Westminster,North,Military,Regimental artefacts and memorabilia of the Household Cavalry,,,,
Hunterian Museum at the Royal College of Surgeons,,http://en.wikipedia.org/wiki/Hunterian_Museum_at_the_Royal_College_of_Surgeons#Hunterian_Museum,,,,,,http://www.rcseng.ac.uk/museums/hunterian,"The Royal College of Surgeons of England, 35-43 Lincoln's Inn Fields",WC2A 3PE,51.51528407,-0.115885316,Lincoln's Inn Fields,Westminster,North,Medical,"Hunterian Collection of preserved anatomical specimens, history, artefacts and developments in surgery",,,,
Inns of Court & City Yeomanry Museum,,http://en.wikipedia.org/wiki/Inns_of_Court_%26_City_Yeomanry_Museum#Inns_of_Court_.26_City_Yeomanry_Museum,,,,,,http://www.iccy.org.uk/museum.htm,10 Stone Buildings,WC2A 3TG,51.51772204,-0.113709163,Lincoln's Inn,Camden,North,Military,Regimental history and artefacts of the Inns of Court and City Yeomanry,,,,
Institute of Archaeology Collections,,http://en.wikipedia.org/wiki/Institute_of_Archaeology_Collections,founded:1937,,1937,,,http://www.ucl.ac.uk/archaeology,31-34 Gordon Square,WC1H 0PY,51.5249152,-0.131633426,Bloomsbury,Camden,North,Archaeology,"Part of the University College London, open by appointment only, prehistoric ceramics and stone artefacts, Classical Greek and Roman ceramics",,,,
Institute of Contemporary Arts,,http://en.wikipedia.org/wiki/Institute_of_Contemporary_Arts,founded:1946,,1946,,,http://www.ica.org.uk/,12 Carlton House Terrace,SW1Y 5AH,51.50663049,-0.130320864,The Mall,Westminster,North,Art,Multi-disciplinary arts centre with exhibit galleries,,,,
Jewel Tower,,http://en.wikipedia.org/wiki/Jewel_Tower,built:1365-1366,1365-1366,,,,http://www.english-heritage.org.uk/daysout/properties/jewel-tower/,Abingdon Street,SW1P 3JX ,51.50000379,-0.126990109,,Westminster,North,History,"Operated by English Heritage, one of only two surviving sections of the medieval royal Palace of Westminster, includes an exhibition on the history of Parliament and the building",,,,
Jewish Military Museum,,http://en.wikipedia.org/wiki/Jewish_Military_Museum,founded:1996,,1996,,,http://www.thejmm.org.uk/,"Shield House, Harmony Way",NW4 2BZ,51.58756468,-0.220080102,Hendon,Barnet,North,Military,Jewish military contributions in Britain,,,,
Jewish Museum London,,http://en.wikipedia.org/wiki/London_Jewish_Museum,founded:1932,,1932,,,http://www.jewishmuseum.org.uk/,"Raymond Burton House, 129-131 Albert Street",NW1 7NB,51.53716083,-0.144527799,Camden Town,Camden,North,Ethnic,"Jewish culture, heritage and traditions in Britain, ceremonial art collection",,,,
Kelmscott House Museum,,http://en.wikipedia.org/wiki/Kelmscott_House,founded:1955,,1955,,,http://www.williammorrissociety.org/,26 Upper Mall,W6 9TA ,51.49060587,-0.236549419,Hammersmith,Hammersmith and Fulham,West,Art,"London home of William Morris, exhibits of his designs",William Morris Society possibly more interesting than the house.,,,
Kensington Palace,,http://en.wikipedia.org/wiki/Kensington_Palace,,,,,,http://www.hrp.org.uk/KensingtonPalace/,Kensington Gardens,W8 4PX,51.50496237,-0.188473386,Kensington Gardens,Kensington and Chelsea,West,Historic house,Royal residence,,,,
Kew Palace,,http://en.wikipedia.org/wiki/Kew_Palace,built:1631,1631,,,,http://www.hrp.org.uk/KewPalace/planyourvisit/,Royal Botanic Gardens Kew,TW9 3AB,51.48365118,-0.289732435,Kew,Richmond upon Thames,South West,Historic house,"Former royal palace located within the Royal Botanic Gardens, Kew",,,,
Kew Transport Museum,,,,,,,,http://www.ktm.itgo.com/,110 North Road,TW9 3QA,51.47678917,-0.285366614,Kew,Richmond upon Thames,South West,Transportation,information,,,,
Kirkaldy Testing Museum,,http://en.wikipedia.org/wiki/Kirkaldy_Testing_Museum,,,,,,http://www.testingmuseum.org.uk/,99 Southwark Street,SE1 0JF,51.50596644,-0.101859904,Southwark,Southwark,South East,Technology,Materials testing machines used by engineer David Kirkaldy,,,,
Lambeth Palace Library,,http://en.wikipedia.org/wiki/Lambeth_Palace#Library,founded:1610,,1610,,,http://www.lambethpalacelibrary.org/,Lambeth Palace,SE1 7JU,51.49530794,-0.120137874,Lambeth,Lambeth,South West,Library,"Exhibits from its collections of art, architecture, history",,,,
Library and Museum of Freemasonry,,"http://en.wikipedia.org/wiki/Freemasons%27_Hall,_London#The_Library_and_Museum_of_Freemasonry",built:1927-1933,1927-1933,,,,http://www.freemasonry.london.museum/,60 Great Queen Street,WC2B 5AZ,51.51516126,-0.121122187,Holborn,Camden,North,Masonic,"Library, artefacts and regalia of Freemasonry",,,,
Little Holland House,,"http://en.wikipedia.org/wiki/Little_Holland_House,_Carshalton#Little_Holland_House",built:1902-1904,1902-1904,,,,http://www.friendsofhoneywood.co.uk/Little_Holland_House.htm,40 Beeches Avenue,SM5 3LW,51.35509288,-0.170578764,Carshalton,Sutton,South West,Historic house,Arts and Crafts home of the artist Frank Dickinson (1874â€“1961) with interior influenced by John Ruskin and William Morris,,,,
London Fire Brigade Museum,,http://en.wikipedia.org/wiki/London_Fire_Brigade_Museum,,,,,,http://www.london-fire.gov.uk/OurMuseum.asp,"Winchester House, 94a Southwark Bridge Road",SE1 0EG,51.50196735,-0.09813577,Southwark,Southwark,South East,Firefighting,"Open by appointment only, history of the London Fire Brigade, equipment, apparatus",,,,
London Motor Museum,,http://en.wikipedia.org/wiki/London_Motor_Museum,,,,,,http://www.londonmotormuseum.co.uk/,3 Nestles Avenue, UB3 4SB,51.50196196,-0.420693897,Hayes,Hillingdon,West,Transport,"Includes classic cars from the 1960s, '70s and '80s",,,,
London Museum of Water and Steam,,http://en.wikipedia.org/wiki/Kew_Bridge_Steam_Museum,,,,,,http://www.kbsm.org/,Green Dragon Lane ,TW8 0EN ,51.48952588,-0.289915936,Brentford,Hounslow,West,Technology,"Water supply technology and a collection of water pumping steam engines, also operating narrow gauge railway",,,,
London Sewing Machine Museum,,,,,,,,http://www.craftysewer.com/acatalog/London_Sewing_Machine_Museum.html,308 Balham High Road,SW17 7AA,51.43612765,-0.159228452,Wimbledon,Merton,South West,Technology,"website, collection of sewing machines",,,,
London Transport Museum,,http://en.wikipedia.org/wiki/London_Transport_Museum,,,,,,http://www.ltmuseum.co.uk/,Covent Garden Piazza,WC2E 7BB,51.51212356,-0.121232765,Covent Garden,Westminster,North,Transportation,"Public transportation including the railway, underground, buses, memorabilia",,,,
Magic Circle Museum,,http://en.wikipedia.org/wiki/The_Magic_Circle#The_Magic_Circle_Museum,founded:1905,,1905,,,http://www.themagiccircle.co.uk/,12 Stephenson Way,NW1 2HD ,51.52640134,-0.135738873,Euston,Camden,North,Magic,"Magic tricks, props, posters, artefacts, open by appointment",,,,
Mansion House,,"http://en.wikipedia.org/wiki/Mansion_House,_London",,,,,,http://www.cityoflondon.gov.uk/about-the-city/history-and-heritage/mansion-house/Pages/default.aspx,The Mansion House,EC4N 8BH,51.51321103,-0.089467009,City of London,City of London,North East,Historic house,"Guided tours of the public rooms of the official residence of the Lord Mayor of the City of London, includes city regalia, 17th Century Dutch and Flemish paintings, gold and silver plate collections",,,,
Marble Hill House,,http://en.wikipedia.org/wiki/Marble_Hill_House,built:1724-1729,1724-1729,,,,http://www.english-heritage.org.uk/daysout/properties/marble-hill-house/,Richmond Road,TW1 2NL ,51.4497152,-0.315912873,Richmond,Richmond upon Thames,South West,Historic house,"Operated by English Heritage, 18th century Palladian villa with Georgian interior",,,,
Markfield Beam Engine and Museum,,http://en.wikipedia.org/wiki/Markfield_Beam_Engine,"built:1886, reopened:2010",1886,,,2010,http://www.mbeam.org/,Markfield Road,N15 4RB,51.58194785,-0.061383694,Tottenham,Haringey,North,Technology,Victorian 100 horsepower beam pumping engine,,,,
Merton Heritage Centre,,,,,,,,https://arena.yourlondonlibrary.net/web/merton/heritage,"2nd floor, Morden Library, Merton Civic Centre, London Road",SM4 5DX,51.40140538,-0.196119119,Morden,Merton,South West,Local,"website, local history",,,,
Museum of Contemporary Art (MOCA) London,,"http://en.wikipedia.org/wiki/MOCA,_London",founded:1994,,1994,,,http://www.mocalondon.co.uk/,113 Bellenden Rd,SE15 4QY,51.46790332,-0.072254289,Peckham Rye,Southwark,South East,Contemporary Art,Museum dedicated to Contemporary Art of varied media. Curated by Michael Petry,,,,
Museum of Domestic Design and Architecture,,http://en.wikipedia.org/wiki/Museum_of_Domestic_Design_and_Architecture,,,,,,http://www.moda.mdx.ac.uk/home,"Middlesex University, 9 Boulevard Drive, Beaufort Park",NW9 5HF,51.59611289,-0.241922867,Colindale,Enfield,North,Art,"19th and 20th century decorative arts for the home including textiles and wallpaper, part of Middlesex University",,,,
Museum of Immigration and Diversity,,http://en.wikipedia.org/wiki/Museum_of_Immigration_and_Diversity,built:1719,1719,,,,http://www.19princeletstreet.org.uk/,19 Princelet Street,E1 6QH,51.51986828,-0.072597621,Spitalfields,Tower Hamlets,North East,History,"Immigration and diversity in Britain, open on a limited basis",,,,
Museum of the Order of St John,,http://en.wikipedia.org/wiki/Museum_of_the_Order_of_St_John,,,,,,http://www.museumstjohn.org.uk/,"St John's Gate, St John's Lane",EC1M 4DA,51.52201059,-0.102504583,Clerkenwell,Islington,North,Religious,History of the Order of St John and its medical care in the community,,,,
Museum of Wimbledon,,,founded:1916,,1916,,,http://www.wimbledonmuseum.org.uk/,22 Ridgway,SW19 4QN,51.42370025,-0.216241594,Wimbledon,Merton,South West,Local,"website, local history, culture",,,,
Musical Museum,,"http://en.wikipedia.org/wiki/Musical_Museum,_Brentford",founded:1963,,1963,,,http://www.musicalmuseum.co.uk/,399 High Street,TW8 0DU,51.48800566,-0.292349441,Brentford,Hounslow,West,Music,Collection of music boxes and automatic instruments,,,,
National Gallery,,http://en.wikipedia.org/wiki/National_Gallery,founded:1824,,1824,,,http://www.nationalgallery.org.uk/,Trafalgar Square,WC2N 5DN,51.50900606,-0.128162879,Trafalgar Square,Westminster,North,Art,National collection of Western European painting from the 13th century to 1900,,,,
Nonsuch Mansion,,http://en.wikipedia.org/wiki/Nonsuch_Mansion,built:1731,1731,,,,http://www.nonsuchmansion.com/,"Nonsuch Park, Ewell Road",SM3 8AL,51.35817143,-0.228698805,Cheam,Sutton,South West,Historic house,,,,,
Osterley Park and House,,http://en.wikipedia.org/wiki/Osterley_Park,founded:1949,,1949,,,http://www.nationaltrust.org.uk/osterley-park/,Jersey Road,TW7 4RB,51.48954256,-0.3519976,Isleworth,Hounslow,West,Historic house,"Operated by the National Trust, late 18th-century palace designed by Robert Adam, ornate interiors, gardens",,,,
Petrie Museum of Egyptian Archaeology,,http://en.wikipedia.org/wiki/Petrie_Museum_of_Egyptian_Archaeology,founded:1892,,1892,,,http://www.ucl.ac.uk/museums/petrie,"University College London, Gower Street",WC1E 6BT,51.52477267,-0.13341239,Bloomsbury,Camden,North,Archaeology,"Artifacts from Ancient Egypt, part of the University College London",,,,
Photographers' Gallery,,http://en.wikipedia.org/wiki/Photographers%27_Gallery,"founded:1971, reopened:2012",,1971,,2012,http://thephotographersgallery.org.uk/,16-18 Ramillies St,W1F 7LW,51.51492526,-0.139032331,Soho,Westminster,North,Art,Photography,,,,
Polish Institute and Sikorski Museum,,http://en.wikipedia.org/wiki/Polish_Institute_and_Sikorski_Museum,founded:1945,,1945,,,http://pism.co.uk/,20 Prince's Gate,SW7 1PT,51.50137999,-0.173184243,South Kensington,Kensington and Chelsea,West,Military,Contributions of the Polish Armed Forces in the West in World War II,,,,
Pushkin House,,http://en.wikipedia.org/wiki/Russian_Cultural_Centre_(London),built:1703,1703,,,,http://www.pushkinhouse.org/,5a Bloomsbury Square,WC1A 2TA,51.51821489,-0.123129739,Bloomsbury,Camden,North,Art,Russian art and culture,,,,
Queen Charlotte's Cottage,,"http://en.wikipedia.org/wiki/Royal_Botanic_Gardens,_Kew#Queen_Charlotte.27s_Cottage",built:1754,1754,,,,http://www.kew.org/visit-kew-gardens/explore/attractions/queen-charlottes-cottage,Royal Botanic Gardens,TW9 3AB,51.48365118,-0.289732435,Kew,Richmond upon Thames,South West,Historic house,"Located within the Royal Botanic Gardens, Kew, 18th century rustic country retreat built for Queen Charlotte",,,,
Queen Elizabeth's Hunting Lodge,,,built:1543,1543,,,,http://www.cityoflondon.gov.uk/things-to-do/green-spaces/epping-forest/visitor-information/Pages/queen-elizabeths-hunting-lodge.aspx,Rangers Road,E4 7QH,51.63441109,0.017527852,Chingford,Waltham Forest,North East,Historic house,"website, Tudor hunting lodge",,,,
Queen's House,,http://en.wikipedia.org/wiki/Queen%27s_House,built:1616-1619,1616-1619,,,,http://www.rmg.co.uk/queens-house,Romney Road,SE10 9NF,51.48115383,-0.003732045,Greenwich,Greenwich,South East,Art,Marine art gallery of the National Maritime Museum,,,,
Red House,,http://en.wikipedia.org/wiki/Red_House_(London),built:1860,1860,,,,http://www.nationaltrust.org.uk/red-house/,Red House Lane,DA6 8JF,51.45556189,0.129550209,Bexleyheath,Bexley,South East,Historic house,"Operated by the National Trust, 19th-century house commissioned, created and lived in by William Morris, founder of the Arts and Crafts Movement",,,,
Rose Theatre Exhibition,,http://en.wikipedia.org/wiki/Rose_Theatre_Exhibition,built:1587,1587,,,,http://www.rosetheatre.org.uk,56 Park Street,SE1 9AR,51.50737754,-0.096267718,Bankside,Southwark,South East,Archaeology,Excavations of an Elizabethan theatre,,,,
Royal Academy of Arts,,http://en.wikipedia.org/wiki/Royal_Academy_of_Arts,founded:1768,,1768,,,http://www.royalacademy.org.uk,Burlington House,W1S 3ET,51.50966401,-0.140125795,Piccadilly,Westminster,North,Art,Located in Burlington House,,,,
Royal Academy of Music Museum,,http://en.wikipedia.org/wiki/Royal_Academy_of_Music_Museum,built:1822,1822,,,,http://www.ram.ac.uk/museum,Marylebone Road,NW1 5HT,51.52361247,-0.152142073,Regent's Park,Westminster,North,Music,"Also known as York Gate Collections, includes musical instruments, archives, manuscripts and images",,,,
Royal College of Music Archives and Museum of Instruments,,http://en.wikipedia.org/wiki/Royal_College_of_Music,founded:1882,,1882,,,http://www.rcm.ac.uk,Prince Consort Road,SW7 2BS,51.4992796,-0.176898936,South Kensington,Kensington and Chelsea,West,Music,Musical instruments and accessories,,,,
Royal College of Physicians Museum,,http://en.wikipedia.org/wiki/Royal_College_of_Physicians,founded:1518,,1518,,,http://www.rcplondon.ac.uk/museum-and-garden,11 St. Andrews Place, NW1 4LE,51.52574772,-0.144991802,Regent's Park,Camden,North,Medical,"Portraits, silver, medical instruments and artefacts",,,,
Royal Hospital Chelsea Museum,,http://en.wikipedia.org/wiki/Royal_Hospital_Chelsea,,,,,,http://www.chelsea-pensioners.co.uk/visit-us,Royal Hospital Road,SW3 4SR,51.48687964,-0.159100914,Chelsea,Kensington and Chelsea,West,Military,"Military artefacts and memorabilia, items related to The Duke of Wellington",,,,
Royal Institute of British Architects Collections,,http://en.wikipedia.org/wiki/Royal_Institute_of_British_Architects_Collections,founded:1834,,1834,,,http://www.architecture.com/LibraryDrawingsAndPhotographs/Home.aspx,66 Portland Place,W1B 1AD,51.52132124,-0.144854559,Marylebone,Westminster,North,Art,"Exhibits of art, drawings, photographs about architecture from its collections",,,,
Royal London Hospital Archives and Museum,,http://en.wikipedia.org/wiki/Royal_London_Hospital#Royal_London_Museum_and_Archives,"founded:1740, reopened:2002",,1740,,2002,"http://www.bartshealth.nhs.uk/about-us/museums,-history-and-archives/the-royal-london-museum/","St Augustine with St Philip's Church, Newark Street",E1 2AA,51.51690454,-0.060284036,Whitechapel,Tower Hamlets,North East,Medical,History of the hospital and medical care in the East End,,,,
Royal Mews,,http://en.wikipedia.org/wiki/Royal_Mews,founded:1760,,1760,,,http://www.royal.gov.uk/theroyalresidences/theroyalmews/theroyalmews.aspx,Buckingham Palace,SW1A 1AA,51.50100917,-0.141573197,,Westminster,North,Transportation,"The Queen's stables, features State vehicles including horse-drawn carriages and motor cars, and the Gold State Coach",,,,
Royal Military School of Music Museum,,http://en.wikipedia.org/wiki/Royal_Military_School_of_Music,founded:1857,,1857,,,http://www.armymuseums.org.uk/amot-search/default.asp?Category=Amot&Service=Museum-Display&reference=0000000110.,"Kneller Hall, Kneller Road",TW2 7DU,51.45509374,-0.350777198,Twickenham,Richmond upon Thames,South West,Music,"Open by appointment, musical instruments, music, documents, prints, manuscripts, paintings and uniforms showing the history of military music",,,,
"Royal Observatory, Greenwich",,"http://en.wikipedia.org/wiki/Royal_Observatory,_Greenwich","built:1676, founded:1675",1676,1675,,,http://www.rmg.co.uk/royal-observatory,Blackheath Avenue,SE10 8XJ,51.47780504,-0.00141568,Greenwich,Greenwich,South East,Horology,"Part of the National Maritime Museum, features astronomical and navigational tools, a planetarium",,,,
Royal Pharmaceutical Society Museum,,http://en.wikipedia.org/wiki/Royal_Pharmaceutical_Society#Royal_Pharmaceutical_Society_Museum,founded:1842,,1842,,,http://www.rpharms.com/about-pharmacy/our-museum.asp,1 Lambeth High Street,SE1 7JN,51.49451916,-0.1191763,Lambeth,Lambeth,South West,Medical,"British pharmacy history, medicines and artefacts",,,,
Science Museum,,"http://en.wikipedia.org/wiki/Science_Museum,_London",founded:1857,,1857,,,http://www.sciencemuseum.org.uk/,Exhibition Road,SW7 2DD,51.49729487,-0.176488295,South Kensington,Kensington and Chelsea,West,Science,"National museum of science and technology, transportation, medicine, steam engines",,,,
Shirley Windmill,,http://en.wikipedia.org/wiki/Shirley_Windmill,built:1854,1854,,,,http://www.shirleywindmill.org.uk/,Postmill Close,CR0 5DY,51.36896022,-0.054532133,Shirley,Croydon,South West,Mill,Restored mid-19th-century tower windmill,,,,
Sir John Soane's Museum,,http://en.wikipedia.org/wiki/Sir_John_Soane%27s_Museum,founded:1833,,1833,,,http://www.soane.org/,13 Lincoln's Inn Fields,WC2A 3BP,51.51695409,-0.117963974,Holborn,Westminster,North,Art,"Fine art, architecture, antiquities, sculpture",,,,
Somerset House,,http://en.wikipedia.org/wiki/Somerset_House,built:1775,1775,,,,http://www.somersethouse.org.uk/,Strand,WC2R 1LA,51.51073254,-0.116923374,Strand,Westminster,North,Art,Arts centre with gallery and Courtauld Gallery,,,,
Soseki Museum in London,,,,,,,,,80b The Chase,SW4 0NG,51.46567362,-0.147011576,Clapham,City of London,North East,Historic house,"information, information, London home of Japanese author Natsume SÅçseki",,,,
South London Gallery,,http://en.wikipedia.org/wiki/South_London_Gallery,founded:1891,,1891,,,http://www.southlondongallery.org/,65 Peckham Road,SE5 8UH,51.4742549,-0.079546451,Camberwell,Southwark,South East,Art,Contemporary art,,,,
Southall Railway Centre,,http://en.wikipedia.org/wiki/Southall_Railway_Centre,built:1859,1859,,,,http://www.gwrpg.co.uk/,,UB2 4SE,51.50651079,-0.364829584,Southall,Ealing,West,Transportation,Vintage steam and diesel locomotives and rolling stock,,,,
Southside House,,http://en.wikipedia.org/wiki/Southside_House,,,,,,http://www.southsidehouse.com/,3-4 Woodhayes Road,SW19 4RJ,51.42033613,-0.228036881,Wimbledon,Merton,South West,Historic house,17th century period house,,,,
Spencer House,,"http://en.wikipedia.org/wiki/Spencer_House,_London",built:1756-1766,1756-1766,,,,http://www.spencerhouse.co.uk/,27 St. James's Place,SW1A 1NR,51.50535412,-0.139969874,St James's,Westminster,North,Historic house,18th-century mansion with restored state rooms and garden,,,,
St Bartholomew's Hospital Museum,,http://en.wikipedia.org/wiki/St_Bartholomew%27s_Hospital#Hospital_museum,,,,,,"http://www.bartshealth.nhs.uk/about-us/museums,-history-and-archives/st-bartholomews-museum/",Newark Street, E1 2AD,51.51777413,-0.060665085,Smithfield,City of London,North East,Medical,"History of the hospital and its work, historic surgical instruments, sculpture, medieval archives, works of art including paintings by William Hogarth",,,,
Stephens Collection,,http://en.wikipedia.org/wiki/Avenue_House,built:1859,1859,,,,http://www.stephenshouseandgardens.com/,17 East End Road,N3 3QE ,51.59686853,-0.196311764,Finchley,Barnet,North,Biographical,"Life of Dr. Henry Stephens, inventor of an indelible blue-black ink, and his son Henry Charles Stephens, their ink company and local history",,,,
Strawberry Hill,,http://en.wikipedia.org/wiki/Strawberry_Hill_House,,,,,,http://www.strawberryhillhouse.org.uk/,268 Waldegrave Road,TW1 4ST,51.43907284,-0.333225018,Twickenham,Richmond upon Thames,South West,Historic house,Gothic villa home of Horace Walpole,,,,
Syon House,,http://en.wikipedia.org/wiki/Syon_House,built:1547,1547,,,,http://www.syonpark.co.uk/,Syon Park,TW8 8JF,51.47765726,-0.312349462,Brentford,Hounslow,West,Historic house,"Family residence of the Duke of Northumberland, 18th-century house with interior by Robert Adam, collections of paintings and furniture, gardens, park",,,,
Tower Bridge,,http://en.wikipedia.org/wiki/Tower_Bridge,built:1886-1894,1886-1894,,,,http://www.towerbridge.org.uk/,Tower Bridge Road,SE1 2UP,51.50337805,-0.076564367,,Tower Hamlets,North East,Technology,"Steam engines, workings of the bridge",,,,
Tower of London,Y,http://en.wikipedia.org/wiki/Tower_of_London,built:1078,1078,,,,http://www.hrp.org.uk/TowerOfLondon/,,EC3N 4AB,51.50860246,-0.075998486,Tower Hill,Tower Hamlets,North East,Multiple,"Historic fortress, prison and former royal residence, includes the Royal Armouries, Crown Jewels of the United Kingdom, regimental museum of the Royal Fusiliers",,,,
Twickenham Museum,,,founded:1993,,1993,,,http://www.twickenham-museum.org.uk/,"25, The Embankment",TW1 3DU,51.44651599,-0.326104057,Twickenham,Richmond upon Thames,South West,Local,"website, local history",,,,
Twinings Museum,,http://en.wikipedia.org/wiki/Twinings_Museum,,,,,,http://www.twinings.co.uk/about-twinings/216-strand,216 The Strand,WC2R 1AP,51.51308812,-0.112978222,Strand,Westminster,North,Food,"History of Twinings, tea caddies and tea history",,,,
Type Museum,,http://en.wikipedia.org/wiki/Type_Museum,founded:1992,,1992,,,http://www.typemuseum.org/,100 Hackford Road,SW9 0QU,51.47413037,-0.115651923,Brixton,Lambeth,South West,Media,"Collection of typesetting equipment and artefacts, currently not open to the public",,,,
Upminster Windmill,,http://en.wikipedia.org/wiki/Upminster_Windmill,built:1803,1803,,,,http://www.upminsterwindmill.co.uk/,"The Mill Field, St Mary's Lane",RM14 2QL,51.55697769,0.245109137,Upminster,Essex,,,,,,,
V&A Museum of Childhood,Y,http://en.wikipedia.org/wiki/V%26A_Museum_of_Childhood,founded:1872,,1872,,,http://www.museumofchildhood.org.uk/,Cambridge Heath Road, E2 9PA,51.52765918,-0.054824362,Bethnal Green,Tower Hamlets,North East,Toy,"Toys, dolls, children's playtime and lives",,,,
Valence House Museum,,http://en.wikipedia.org/wiki/Valence_House_Museum,reopened:2010,,,,2010,http://www.lbbd.gov.uk/MuseumsAndHeritage/ValenceHouseMuseum/Pages/Home.aspx,Beacontree Avenue,RM8 3HT,51.55858298,0.134056721,Dagenham,Barking and Dagenham,North East,Local,"Local history, archeology, maritime and fishing industry, art",,,,
Valentines Mansion,,http://en.wikipedia.org/wiki/Valentines_Mansion,built:1696,1696,,,,http://www.valentinesmansion.com/,Emerson Road, IG1 4XA,51.57161863,0.065946922,Ilford,Redbridge,North East,Historic house,"Country house with recreated Victorian kitchen and Georgian rooms, contemporary art exhibits, 18th-century gardens",,,,
Walthamstow Pump House Museum,,http://en.wikipedia.org/wiki/Walthamstow_Pump_House_Museum,,,,,,http://www.walthamstowpumphousemuseum.org.uk/,10 South Access Road,E17 8AX,51.5747796,-0.040199957,Walthamstow,Waltham Forest,North East,Transportation,"Currently closed, will become the Lea Valley Experience, pioneering achievements in road, rail, air and sea transport in the River Lea valley from the early 19th century. The museum will reopen on Sunday 2 March 2014 at 11:00.",,,,
Wandle Industrial Museum,,,founded:1983,,1983,,,http://www.wandle.org/,8 Deer Park Road,SW19 3GY,51.40899617,-0.188026912,Mitcham,Merton,South West,Industry,"website, industries along the River Wandle",,,,
Wandsworth Museum,,http://en.wikipedia.org/wiki/Wandsworth_Museum,reopened:2010,,,,2010,http://www.wandsworthmuseum.co.uk/,38 West Hill,SW18 1RX,51.45703442,-0.201455066,Wandsworth,Wandsworth,South West,Local,Local history,,,,
Wellcome Collection,,http://en.wikipedia.org/wiki/Wellcome_Collection,founded:2007,,2007,,,http://www.wellcomecollection.org/,183 Euston Road,NW1 2BE,51.52589595,-0.133928678,,Camden,North,Medical,"Medical artefacts and original artworks exploring 'ideas about the connections between medicine, life and art', exhibits from the collections of the Wellcome Library",,,,
Westminster Dragoons Museum,,http://en.wikipedia.org/wiki/Westminster_Dragoons#Westminster_Dragoons_Museum,,,,,,http://www.westminsterdragoons.co.uk/,87 Fulham High Street,SW6 3JS,51.46805631,-0.210077828,Fulham,Hammersmith and Fulham,West,Military,"Regimental artefacts, regalia and memorabilia",,,,
White Lodge Museum and Ballet Resource Centre,,"http://en.wikipedia.org/wiki/White_Lodge,_Richmond_Park",founded:2009,,2009,,,http://www.royalballetschool.org.uk/the-school/museum/,Richmond Park,TW10 5HR,51.44518465,-0.264849992,Richmond,Richmond upon Thames,South West,Ballet,"History of the Royal Ballet School, daily life of its students, history and development of Classical ballet, history of White Lodge, visits by appointment",,,,
Whitechapel Gallery,,http://en.wikipedia.org/wiki/Whitechapel_Gallery,reopened:2009,,,,2009,http://www.whitechapelgallery.org/,77-82 Whitechapel High Street,E1 7QX ,51.51598446,-0.070469907,Whitechapel,Tower Hamlets,North East,Art,Contemporary art,,,,
Whitewebbs Museum of Transport,,,,,,,,http://www.whitewebbsmuseum.co.uk/,Whitewebbs Road,EN2 9HW,51.68245254,-0.089135497,Enfield,Enfield,North,Transportation,"website, cars, trucks, motorcycles, model railway",,,,
Women's Library,,http://en.wikipedia.org/wiki/Women%27s_Library,founded:1926,,1926,,,http://www2.lse.ac.uk/library/newsandinformation/womenslibraryatLSE/home.aspx,"Lionel Robbins Building, The London School of Economics and Political Science, 10 Portugal Street, Westminster, London, WC2A 2HD",WC2A 2HD,51.5146149,-0.115653503,Westminster,Tower Hamlets,North East,Library,"Part of London Metropolitan University, exhibits on women's history, culture and issues from its collections","The print collections include over 60,000 books and pamphlets and 3,000 periodical titles. The archive and museum collections include over 500 archives and 5,000 museum objects, including photographs, posters, badges, banners, textiles and ceramics.",,,
